-- phpMyAdmin SQL Dump
-- version 5.2.1
-- https://www.phpmyadmin.net/
--
-- Host: 127.0.0.1
-- Generation Time: Dec 18, 2024 at 06:26 PM
-- Server version: 10.4.32-MariaDB
-- PHP Version: 8.2.12

SET SQL_MODE = "NO_AUTO_VALUE_ON_ZERO";
START TRANSACTION;
SET time_zone = "+00:00";


/*!40101 SET @OLD_CHARACTER_SET_CLIENT=@@CHARACTER_SET_CLIENT */;
/*!40101 SET @OLD_CHARACTER_SET_RESULTS=@@CHARACTER_SET_RESULTS */;
/*!40101 SET @OLD_COLLATION_CONNECTION=@@COLLATION_CONNECTION */;
/*!40101 SET NAMES utf8mb4 */;

--
-- Database: `grading_system`
--

-- --------------------------------------------------------

--
-- Table structure for table `assignments`
--

CREATE TABLE `assignments` (
  `id` bigint(20) NOT NULL,
  `description` varchar(255) DEFAULT NULL,
  `due_date` datetime(6) DEFAULT NULL,
  `rubric` longblob DEFAULT NULL,
  `title` varchar(255) DEFAULT NULL
) ENGINE=InnoDB DEFAULT CHARSET=utf8mb4 COLLATE=utf8mb4_general_ci;

--
-- Dumping data for table `assignments`
--

INSERT INTO `assignments` (`id`, `description`, `due_date`, `rubric`, `title`) VALUES
(10, 'This is the final assignment', '2024-12-13 22:00:00.000000', 0x7175657374696f6e3a207768617420697320656e63617073756c6174696f6e20696e206f6f703f20616e737765723a20656e63617073756c6174696f6e206973207468652062756e646c696e67206f66206461746120616e64206d6574686f64732074686174206f706572617465206f6e2074686520646174612077697468696e206f6e6520756e69742c207479706963616c6c79206120636c6173732c207768696c65207265737472696374696e67206469726563742061636365737320746f20736f6d6520636f6d706f6e656e74732e207175657374696f6e3a20646566696e6520706f6c796d6f72706869736d20696e206a6176612e20616e737765723a20706f6c796d6f72706869736d20696e206a61766120616c6c6f7773206f626a6563747320746f2074616b65206d756c7469706c6520666f726d732e20666f7220696e7374616e63652c206120706172656e7420636c617373207265666572656e63652063616e20706f696e7420746f2061206368696c6420636c617373206f626a6563742c20656e61626c696e672064796e616d6963206d6574686f6420696e766f636174696f6e2e, 'Final Assignment'),
(11, 'develop a project', '2024-03-15 23:59:00.000000', NULL, 'Advanced Programming'),
(12, 'Discuss the difference using definition.', '2024-12-19 15:53:00.000000', 0x7175657374696f6e3a206578706c61696e2074686520646966666572656e6365206265747765656e206d616368696e65206c6561726e696e6720616e64206172746966696369616c20696e74656c6c6967656e636520616e737765723a206172746966696369616c20696e74656c6c6967656e6365206973207468652062726f6164206669656c64206f66206372656174696e67206d616368696e657320746861742063616e20706572666f726d207461736b732074686174207479706963616c6c7920726571756972652068756d616e20696e74656c6c6967656e63652c20737563682061732070726f626c656d2d736f6c76696e672c206c616e677561676520756e6465727374616e64696e672c20616e64206465636973696f6e2d6d616b696e672e206d616368696e65206c6561726e696e67206973206120737562736574206f6620616920666f6375736564207370656369666963616c6c79206f6e20646576656c6f70696e6720616c676f726974686d73207468617420616c6c6f7720636f6d70757465727320746f206c6561726e2066726f6d206461746120616e6420696d70726f766520746865697220706572666f726d616e6365206f7665722074696d6520776974686f7574206265696e67206578706c696369746c792070726f6772616d6d65642e, 'Artificial Intelligence and Machine Learning');

-- --------------------------------------------------------

--
-- Table structure for table `document_submission`
--

CREATE TABLE `document_submission` (
  `id` bigint(20) NOT NULL,
  `extracted_text` longblob NOT NULL,
  `grade` int(11) DEFAULT NULL,
  `hash_value` varchar(64) NOT NULL,
  `similarity_score` int(11) DEFAULT NULL,
  `assignment_id` bigint(20) DEFAULT NULL,
  `student_id` bigint(20) DEFAULT NULL
) ENGINE=InnoDB DEFAULT CHARSET=utf8mb4 COLLATE=utf8mb4_general_ci;

--
-- Dumping data for table `document_submission`
--

INSERT INTO `document_submission` (`id`, `extracted_text`, `grade`, `hash_value`, `similarity_score`, `assignment_id`, `student_id`) VALUES
(7, 0x7175657374696f6e3a207768617420697320656e63617073756c6174696f6e20696e206f6f703f20616e737765723a20656e63617073756c6174696f6e20697320696e746567726174696f6e206f6620746865206a61766120636c61737365732e20646566696e6520706f6c796d6f72706869736d20696e206a6176612e20616e737765723a20706f6c796d6f72706869736d20696e206a61766120616c6c6f7773206f626a6563747320746f2074616b65206d756c7469706c6520666f726d732e, 10, '38mRNU7sfxIPrRsEI48GdPjEbpVeCu1NCYaemKXBkbk=', 0, 10, 1),
(8, 0x7175657374696f6e3a207768617420697320656e63617073756c6174696f6e20696e206f6f703f20616e737765723a20656e63617073756c6174696f6e206973207468652062756e646c696e67206f66206461746120616e64206d6574686f64732074686174206f706572617465206f6e2074686520646174612077697468696e206f6e6520756e69742c207479706963616c6c79206120636c6173732c207768696c65207265737472696374696e67206469726563742061636365737320746f20736f6d6520636f6d706f6e656e74732e207175657374696f6e3a20646566696e6520706f6c796d6f72706869736d20696e206a6176612e20616e737765723a20706f6c796d6f72706869736d20696e206a61766120616c6c6f7773206f626a6563747320746f2074616b65206d756c7469706c6520666f726d732e20666f7220696e7374616e63652c206120706172656e7420636c617373207265666572656e63652063616e20706f696e7420746f2061206368696c6420636c617373206f626a6563742c20656e61626c696e672064796e616d6963206d6574686f6420696e766f636174696f6e2e, 100, 'Gfkpjrm0juhLQQcUIKMbQhvbloCnI1616HIRksD9cm0=', 89, 10, 2),
(9, 0x7175657374696f6e3a207768617420697320656e63617073756c6174696f6e20696e206f6f703f20616e737765723a20656e63617073756c6174696f6e20697320696e746567726174696f6e206f6620746865206a61766120636c61737365732e207175657374696f6e3a20646566696e6520706f6c796d6f72706869736d20696e206a6176612e20616e737765723a20706f6c796d6f72706869736d20696e206a617661207065726d697473206f626a6563747320746f20617373756d65206469766572736520666f726d732e20666f72206578616d706c652c206120706172656e7420636c617373207265666572656e63652063616e20706f696e7420746f2061206368696c6420636c617373206f626a6563742c20656e61626c696e672064796e616d69632066756e6374696f6e20696e766f636174696f6e2e, 55, 'Yd3RCCA6ZE8lGTZeMTk3RL8Aw5L+OyciqM99HpPq3a4=', 98, 10, 3),
(10, 0x7175657374696f6e3a206578706c61696e2074686520646966666572656e6365206265747765656e206d616368696e65206c6561726e696e6720616e64206172746966696369616c20696e74656c6c6967656e636520616e737765723a206172746966696369616c20696e74656c6c6967656e636520697320746865207661737420746f706963206f6620646576656c6f70696e67206d616368696e657320746861742063616e20736f6c76652070726f626c656d732c20696e74657270726574696e67206c616e67756167652c20616e64206d616b696e67206465636973696f6e732c207461736b732074686174206e6f726d616c6c7920726571756972652068756d616e20696e74656c6c6967656e63652e206d616368696e65206c6561726e696e672069732061206272616e6368206f66206172746966696369616c20696e74656c6c6967656e63652064656469636174656420746f206372656174696e67206d6574686f64732074686174206c657420636f6d707574657273206c6561726e2066726f6d206461746120616e64206772616475616c6c7920676574206265747465722061742077686174207468657920646f20776974686f7574206578706c696369742070726f6772616d6d696e672e, 90, '3RpFe13Fkv/o0Fd7BTlzLZ4Ymj3sg5wl0JyiaiXfETw=', 0, 12, 1),
(11, 0x7175657374696f6e3a206578706c61696e2074686520646966666572656e6365206265747765656e206d616368696e65206c6561726e696e6720616e64206172746966696369616c20696e74656c6c6967656e636520616e737765723a206172746966696369616c20696e74656c6c6967656e6365206973207468652062726f6164206669656c64206f66206372656174696e67206d616368696e657320746861742063616e20706572666f726d207461736b732e206d616368696e65206c6561726e696e67206973206120737562736574206f6620616920666f6375736564207370656369666963616c6c79206f6e20646576656c6f70696e6720616c676f726974686d73207468617420616c6c6f7720636f6d70757465727320746f206c6561726e2066726f6d20646174612e, 80, 'VdPas02R3Nwo9a8MUSYF1otwbP624kWga7QQuFwwBGU=', 96, 12, 2),
(12, 0x7175657374696f6e3a206578706c61696e2074686520646966666572656e6365206265747765656e206d616368696e65206c6561726e696e6720616e64206172746966696369616c20696e74656c6c6967656e636520616e737765723a206172746966696369616c20696e74656c6c6967656e6365206973207468652062726f6164206669656c64206f66206372656174696e67206d616368696e657320746861742063616e20706572666f726d207461736b732074686174207479706963616c6c7920726571756972652068756d616e20696e74656c6c6967656e63652c20737563682061732070726f626c656d2d736f6c76696e672c206c616e677561676520756e6465727374616e64696e672c20616e64206465636973696f6e2d6d616b696e672e206d616368696e65206c6561726e696e67206973206120737562736574206f6620616920666f6375736564207370656369666963616c6c79206f6e20646576656c6f70696e6720616c676f726974686d73207468617420616c6c6f7720636f6d70757465727320746f206c6561726e2066726f6d206461746120616e6420696d70726f766520746865697220706572666f726d616e6365206f7665722074696d6520776974686f7574206265696e67206578706c696369746c792070726f6772616d6d65642e, 100, 'dz8XO7/mIDLNmdex4XBpz5qNqishtA2SMIXyY4krwPA=', 98, 12, 3);

-- --------------------------------------------------------

--
-- Table structure for table `evaluation_results`
--

CREATE TABLE `evaluation_results` (
  `submission_id` bigint(20) NOT NULL,
  `score` varchar(255) DEFAULT NULL,
  `question` varchar(255) NOT NULL
) ENGINE=InnoDB DEFAULT CHARSET=utf8mb4 COLLATE=utf8mb4_general_ci;

--
-- Dumping data for table `evaluation_results`
--

INSERT INTO `evaluation_results` (`submission_id`, `score`, `question`) VALUES
(7, '1/10', 'what is encapsulation in oop?'),
(8, '10/10', 'define polymorphism in java.'),
(8, '10/10', 'what is encapsulation in oop?'),
(9, '9/10', 'define polymorphism in java.'),
(9, '2/10', 'what is encapsulation in oop?'),
(10, '9/10', 'explain the difference between machine learning and artificial intelligence'),
(11, '8/10', 'explain the difference between machine learning and artificial intelligence'),
(12, '10/10', 'explain the difference between machine learning and artificial intelligence');

-- --------------------------------------------------------

--
-- Table structure for table `students`
--

CREATE TABLE `students` (
  `id` bigint(20) NOT NULL,
  `email` varchar(255) NOT NULL,
  `password` varchar(255) NOT NULL,
  `username` varchar(255) NOT NULL
) ENGINE=InnoDB DEFAULT CHARSET=utf8mb4 COLLATE=utf8mb4_general_ci;

--
-- Dumping data for table `students`
--

INSERT INTO `students` (`id`, `email`, `password`, `username`) VALUES
(1, 'rica@example.com', 'pass123', 'rica'),
(2, 'tesla@example.com', 'pass123', 'tesla'),
(3, 'alex@example.com', 'pass123', 'Alex');

--
-- Indexes for dumped tables
--

--
-- Indexes for table `assignments`
--
ALTER TABLE `assignments`
  ADD PRIMARY KEY (`id`);

--
-- Indexes for table `document_submission`
--
ALTER TABLE `document_submission`
  ADD PRIMARY KEY (`id`),
  ADD KEY `FKkc7avf6jcqtj1qodcb3n9ijr3` (`assignment_id`),
  ADD KEY `FK4rb3ncngxhp6pbdm12fqo7wfh` (`student_id`);

--
-- Indexes for table `evaluation_results`
--
ALTER TABLE `evaluation_results`
  ADD PRIMARY KEY (`submission_id`,`question`);

--
-- Indexes for table `students`
--
ALTER TABLE `students`
  ADD PRIMARY KEY (`id`),
  ADD UNIQUE KEY `UKe2rndfrsx22acpq2ty1caeuyw` (`email`),
  ADD UNIQUE KEY `UKakwqgcdnid3qo41cqpdu4ke01` (`username`);

--
-- AUTO_INCREMENT for dumped tables
--

--
-- AUTO_INCREMENT for table `assignments`
--
ALTER TABLE `assignments`
  MODIFY `id` bigint(20) NOT NULL AUTO_INCREMENT, AUTO_INCREMENT=13;

--
-- AUTO_INCREMENT for table `document_submission`
--
ALTER TABLE `document_submission`
  MODIFY `id` bigint(20) NOT NULL AUTO_INCREMENT, AUTO_INCREMENT=13;

--
-- AUTO_INCREMENT for table `students`
--
ALTER TABLE `students`
  MODIFY `id` bigint(20) NOT NULL AUTO_INCREMENT, AUTO_INCREMENT=4;

--
-- Constraints for dumped tables
--

--
-- Constraints for table `document_submission`
--
ALTER TABLE `document_submission`
  ADD CONSTRAINT `FK4rb3ncngxhp6pbdm12fqo7wfh` FOREIGN KEY (`student_id`) REFERENCES `students` (`id`),
  ADD CONSTRAINT `FKkc7avf6jcqtj1qodcb3n9ijr3` FOREIGN KEY (`assignment_id`) REFERENCES `assignments` (`id`);

--
-- Constraints for table `evaluation_results`
--
ALTER TABLE `evaluation_results`
  ADD CONSTRAINT `FKgncxuhuabj36m50ilrmyxci0n` FOREIGN KEY (`submission_id`) REFERENCES `document_submission` (`id`);
COMMIT;

/*!40101 SET CHARACTER_SET_CLIENT=@OLD_CHARACTER_SET_CLIENT */;
/*!40101 SET CHARACTER_SET_RESULTS=@OLD_CHARACTER_SET_RESULTS */;
/*!40101 SET COLLATION_CONNECTION=@OLD_COLLATION_CONNECTION */;
